{
  "sample_rate_declarado": 16000,
  "sample_rate_efetivo": 16000,
  "frequencia_corte_hz": 8000.0,
  "status": "real",
  "qualidade_real": "16kHz",
  "energia_por_banda": {
    "0-8kHz": 0.007202323987844891,
    "8-16kHz": 1.4613717585619025e-05,
    "16-24kHz": 0.0
  },
  "arquivo": "kzwB1kLsLes_016.flac",
  "canais": 1,
  "duracao_segundos": 13.078875
}