{
  "sample_rate_declarado": 16000,
  "sample_rate_efetivo": 16000,
  "frequencia_corte_hz": 8000.0,
  "status": "real",
  "qualidade_real": "16kHz",
  "energia_por_banda": {
    "0-8kHz": 0.007218587235423086,
    "8-16kHz": 2.025175850353799e-06,
    "16-24kHz": 0.0
  },
  "arquivo": "kzwB1kLsLes_003.flac",
  "canais": 1,
  "duracao_segundos": 11.629
}