{
  "sample_rate_declarado": 24000,
  "sample_rate_efetivo": 23908,
  "frequencia_corte_hz": 11954.12844036697,
  "status": "real",
  "qualidade_real": "24kHz",
  "energia_por_banda": {
    "0-8kHz": 0.00861729283782917,
    "8-16kHz": 9.521931109144332e-05,
    "16-24kHz": 0.0
  },
  "arquivo": "kzwB1kLsLes_009.flac",
  "canais": 1,
  "duracao_segundos": 11.99
}