{
  "sample_rate_declarado": 24000,
  "sample_rate_efetivo": 23971,
  "frequencia_corte_hz": 11985.73705179283,
  "status": "real",
  "qualidade_real": "24kHz",
  "energia_por_banda": {
    "0-8kHz": 0.005899847272449818,
    "8-16kHz": 7.278655127237287e-05,
    "16-24kHz": 0.0
  },
  "arquivo": "kzwB1kLsLes_011.flac",
  "canais": 1,
  "duracao_segundos": 12.55
}