{
  "sample_rate_declarado": 24000,
  "sample_rate_efetivo": 23919,
  "frequencia_corte_hz": 11959.652200442377,
  "status": "real",
  "qualidade_real": "24kHz",
  "energia_por_banda": {
    "0-8kHz": 0.00809116758881605,
    "8-16kHz": 1.4977293783287656e-05,
    "16-24kHz": 0.0
  },
  "arquivo": "kzwB1kLsLes_006.flac",
  "canais": 1,
  "duracao_segundos": 13.111
}