{
  "sample_rate_declarado": 24000,
  "sample_rate_efetivo": 23941,
  "frequencia_corte_hz": 11970.742249189596,
  "status": "real",
  "qualidade_real": "24kHz",
  "energia_por_banda": {
    "0-8kHz": 0.004454828403597441,
    "8-16kHz": 3.3860526394665396e-05,
    "16-24kHz": 0.0
  },
  "arquivo": "kzwB1kLsLes_004.flac",
  "canais": 1,
  "duracao_segundos": 12.031
}