{
  "sample_rate_declarado": 16000,
  "sample_rate_efetivo": 16000,
  "frequencia_corte_hz": 8000.0,
  "status": "real",
  "qualidade_real": "16kHz",
  "energia_por_banda": {
    "0-8kHz": 0.007081883452173049,
    "8-16kHz": 1.6738551445132646e-06,
    "16-24kHz": 0.0
  },
  "arquivo": "kzwB1kLsLes_008.flac",
  "canais": 1,
  "duracao_segundos": 11.23
}