{
  "sample_rate_declarado": 24000,
  "sample_rate_efetivo": 23951,
  "frequencia_corte_hz": 11975.899005355775,
  "status": "real",
  "qualidade_real": "24kHz",
  "energia_por_banda": {
    "0-8kHz": 0.006424863804114835,
    "8-16kHz": 4.5887777823593745e-05,
    "16-24kHz": 0.0
  },
  "arquivo": "kzwB1kLsLes_013.flac",
  "canais": 1,
  "duracao_segundos": 13.07
}