{
  "sample_rate_declarado": 24000,
  "sample_rate_efetivo": 23998,
  "frequencia_corte_hz": 11999.364524584955,
  "status": "real",
  "qualidade_real": "24kHz",
  "energia_por_banda": {
    "0-8kHz": 0.008770051725105909,
    "8-16kHz": 3.69852297143812e-05,
    "16-24kHz": 0.0
  },
  "arquivo": "kzwB1kLsLes_005.flac",
  "canais": 1,
  "duracao_segundos": 12.589
}