{
  "sample_rate_declarado": 16000,
  "sample_rate_efetivo": 15999,
  "frequencia_corte_hz": 7999.9203187251,
  "status": "real",
  "qualidade_real": "16kHz",
  "energia_por_banda": {
    "0-8kHz": 0.005897082978486231,
    "8-16kHz": 2.545827413317402e-08,
    "16-24kHz": 0.0
  },
  "arquivo": "kzwB1kLsLes_011.flac",
  "canais": 1,
  "duracao_segundos": 12.55
}