{
  "sample_rate_declarado": 24000,
  "sample_rate_efetivo": 23985,
  "frequencia_corte_hz": 11992.609082813891,
  "status": "real",
  "qualidade_real": "24kHz",
  "energia_por_banda": {
    "0-8kHz": 0.0070915973209597204,
    "8-16kHz": 4.6904688318374313e-05,
    "16-24kHz": 0.0
  },
  "arquivo": "kzwB1kLsLes_008.flac",
  "canais": 1,
  "duracao_segundos": 11.23
}