{
  "sample_rate_declarado": 24000,
  "sample_rate_efetivo": 24000,
  "frequencia_corte_hz": 12000.000000000002,
  "status": "real",
  "qualidade_real": "24kHz",
  "energia_por_banda": {
    "0-8kHz": 0.006845221287875276,
    "8-16kHz": 5.595725069967626e-05,
    "16-24kHz": 0.0
  },
  "arquivo": "kzwB1kLsLes_012.flac",
  "canais": 1,
  "duracao_segundos": 12.55
}