{
  "sample_rate_declarado": 24000,
  "sample_rate_efetivo": 23907,
  "frequencia_corte_hz": 11953.553441522105,
  "status": "real",
  "qualidade_real": "24kHz",
  "energia_por_banda": {
    "0-8kHz": 0.00528126279376615,
    "8-16kHz": 2.017327513541451e-05,
    "16-24kHz": 0.0
  },
  "arquivo": "kzwB1kLsLes_007.flac",
  "canais": 1,
  "duracao_segundos": 12.509
}