{
  "sample_rate_declarado": 16000,
  "sample_rate_efetivo": 15999,
  "frequencia_corte_hz": 7999.914893617021,
  "status": "real",
  "qualidade_real": "16kHz",
  "energia_por_banda": {
    "0-8kHz": 0.006034147205098653,
    "8-16kHz": 1.3389651529210497e-09,
    "16-24kHz": 0.0
  },
  "arquivo": "kzwB1kLsLes_014.flac",
  "canais": 1,
  "duracao_segundos": 11.75
}