{
  "sample_rate_declarado": 16000,
  "sample_rate_efetivo": 16000,
  "frequencia_corte_hz": 8000.0,
  "status": "real",
  "qualidade_real": "16kHz",
  "energia_por_banda": {
    "0-8kHz": 0.0052764003374210534,
    "8-16kHz": 3.858257868591877e-06,
    "16-24kHz": 0.0
  },
  "arquivo": "kzwB1kLsLes_007.flac",
  "canais": 1,
  "duracao_segundos": 12.509
}