{
  "sample_rate_declarado": 24000,
  "sample_rate_efetivo": 23914,
  "frequencia_corte_hz": 11957.185405807892,
  "status": "real",
  "qualidade_real": "24kHz",
  "energia_por_banda": {
    "0-8kHz": 0.005400521500796633,
    "8-16kHz": 3.263181979425453e-05,
    "16-24kHz": 0.0
  },
  "arquivo": "kzwB1kLsLes_015.flac",
  "canais": 1,
  "duracao_segundos": 13.43
}