{
  "sample_rate_declarado": 24000,
  "sample_rate_efetivo": 23896,
  "frequencia_corte_hz": 11948.156862745098,
  "status": "real",
  "qualidade_real": "24kHz",
  "energia_por_banda": {
    "0-8kHz": 0.004934628435706225,
    "8-16kHz": 2.4015062342965916e-05,
    "16-24kHz": 0.0
  },
  "arquivo": "kzwB1kLsLes_002.flac",
  "canais": 1,
  "duracao_segundos": 12.75
}