{
  "sample_rate_declarado": 24000,
  "sample_rate_efetivo": 23998,
  "frequencia_corte_hz": 11999.389765495598,
  "status": "real",
  "qualidade_real": "24kHz",
  "energia_por_banda": {
    "0-8kHz": 0.009274527311720265,
    "8-16kHz": 0.000229566976240595,
    "16-24kHz": 0.0
  },
  "arquivo": "kzwB1kLsLes_010.flac",
  "canais": 1,
  "duracao_segundos": 11.471
}