{
  "sample_rate_declarado": 24000,
  "sample_rate_efetivo": 23686,
  "frequencia_corte_hz": 11843.234042553191,
  "status": "real",
  "qualidade_real": "24kHz",
  "energia_por_banda": {
    "0-8kHz": 0.006036838098193166,
    "8-16kHz": 1.5188421396388935e-05,
    "16-24kHz": 0.0
  },
  "arquivo": "kzwB1kLsLes_014.flac",
  "canais": 1,
  "duracao_segundos": 11.75
}