{
  "sample_rate_declarado": 16000,
  "sample_rate_efetivo": 15999,
  "frequencia_corte_hz": 7999.923494759391,
  "status": "real",
  "qualidade_real": "16kHz",
  "energia_por_banda": {
    "0-8kHz": 0.005102924250654311,
    "8-16kHz": 6.329536829385852e-07,
    "16-24kHz": 0.0
  },
  "arquivo": "kzwB1kLsLes_001.flac",
  "canais": 1,
  "duracao_segundos": 13.071
}